{"cameraMode":{"drawMode":0,"name":"Shaded","section":"Shading Mode"},"sceneLighting":true,"audioPlay":false,"sceneViewState":{"m_AlwaysRefresh":false,"showFog":true,"showSkybox":true,"showFlares":true,"showImageEffects":true,"showParticleSystems":true,"showVisualEffectGraphs":true,"m_FxEnabled":true},"in2DMode":false,"pivot":{"x":0.14921241998672486,"y":1.9243780374526978,"z":-0.10635165125131607},"rotation":{"x":-0.06859804689884186,"y":0.9307445287704468,"z":-0.2714826464653015,"w":-0.2351798117160797},"size":5.6822991371154789,"orthographic":false}